001_clean|مرحبا بكم في اختبار تحويل الصوت العاطفي
002_clean|مرحبا بكم في اختبار تحويل الصوت العاطفي
003_clean|مرحبا بكم في اختبار تحويل الصوت العاطفي
004_clean|مرحبا بكم في اختبار تحويل الصوت العاطفي
005_clean|مرحبا بكم في اختبار تحويل الصوت العاطفي
006_clean|مرحبا بكم في اختبار تحويل الصوت العاطفي
007_clean|مرحبا بكم في اختبار تحويل الصوت العاطفي
008_clean|مرحبا بكم في اختبار تحويل الصوت العاطفي
009_clean|مرحبا بكم في اختبار تحويل الصوت العاطفي
010_clean|مرحبا بكم في اختبار تحويل الصوت العاطفي
011_clean|مرحبا بكم في اختبار تحويل الصوت العاطفي
012_clean|مرحبا بكم في اختبار تحويل الصوت العاطفي
013_clean|مرحبا بكم في اختبار تحويل الصوت العاطفي
014_clean|مرحبا بكم في اختبار تحويل الصوت العاطفي
015_clean|مرحبا بكم في اختبار تحويل الصوت العاطفي
016_clean|مرحبا بكم في اختبار تحويل الصوت العاطفي
017_clean|مرحبا بكم في اختبار تحويل الصوت العاطفي
018_clean|مرحبا بكم في اختبار تحويل الصوت العاطفي
019_clean|مرحبا بكم في اختبار تحويل الصوت العاطفي
020_clean|مرحبا بكم في اختبار تحويل الصوت العاطفي
021_clean|مرحبا بكم في اختبار تحويل الصوت العاطفي
022_clean|مرحبا بكم في اختبار تحويل الصوت العاطفي
023_clean|مرحبا بكم في اختبار تحويل الصوت العاطفي
024_clean|مرحبا بكم في اختبار تحويل الصوت العاطفي
025_clean|مرحبا بكم في اختبار تحويل الصوت العاطفي
026_clean|مرحبا بكم في اختبار تحويل الصوت العاطفي
027_clean|مرحبا بكم في اختبار تحويل الصوت العاطفي
028_clean|مرحبا بكم في اختبار تحويل الصوت العاطفي
029_clean|مرحبا بكم في اختبار تحويل الصوت العاطفي
030_clean|مرحبا بكم في اختبار تحويل الصوت العاطفي
