001_clean.wav|أنا متحمّس جدًا لهذا المشروع
002_clean.wav|أنا متحمّس جدًا لهذا المشروع
003_clean.wav|أنا متحمّس جدًا لهذا المشروع
004_clean.wav|أنا متحمّس جدًا لهذا المشروع
005_clean.wav|أنا متحمّس جدًا لهذا المشروع
006_clean.wav|أنا متحمّس جدًا لهذا المشروع
007_clean.wav|أنا متحمّس جدًا لهذا المشروع
008_clean.wav|أنا متحمّس جدًا لهذا المشروع
009_clean.wav|أنا متحمّس جدًا لهذا المشروع
010_clean.wav|أنا متحمّس جدًا لهذا المشروع
011_clean.wav|أنا متحمّس جدًا لهذا المشروع
012_clean.wav|أنا متحمّس جدًا لهذا المشروع
013_clean.wav|أنا متحمّس جدًا لهذا المشروع
014_clean.wav|أنا متحمّس جدًا لهذا المشروع
015_clean.wav|أنا متحمّس جدًا لهذا المشروع
016_clean.wav|أنا متحمّس جدًا لهذا المشروع
017_clean.wav|أنا متحمّس جدًا لهذا المشروع
018_clean.wav|أنا متحمّس جدًا لهذا المشروع
019_clean.wav|أنا متحمّس جدًا لهذا المشروع
020_clean.wav|أنا متحمّس جدًا لهذا المشروع
021_clean.wav|أنا متحمّس جدًا لهذا المشروع
022_clean.wav|أنا متحمّس جدًا لهذا المشروع
023_clean.wav|أنا متحمّس جدًا لهذا المشروع
024_clean.wav|أنا متحمّس جدًا لهذا المشروع
025_clean.wav|أنا متحمّس جدًا لهذا المشروع
026_clean.wav|أنا متحمّس جدًا لهذا المشروع
027_clean.wav|أنا متحمّس جدًا لهذا المشروع
028_clean.wav|أنا متحمّس جدًا لهذا المشروع
029_clean.wav|أنا متحمّس جدًا لهذا المشروع
030_clean.wav|أنا متحمّس جدًا لهذا المشروع
