001_clean|EMBODY_AR|مرحبا بكم في اختبار تحويل الصوت العاطفي
002_clean|EMBODY_AR|مرحبا بكم في اختبار تحويل الصوت العاطفي
003_clean|EMBODY_AR|مرحبا بكم في اختبار تحويل الصوت العاطفي
004_clean|EMBODY_AR|مرحبا بكم في اختبار تحويل الصوت العاطفي
005_clean|EMBODY_AR|مرحبا بكم في اختبار تحويل الصوت العاطفي
006_clean|EMBODY_AR|مرحبا بكم في اختبار تحويل الصوت العاطفي
007_clean|EMBODY_AR|مرحبا بكم في اختبار تحويل الصوت العاطفي
008_clean|EMBODY_AR|مرحبا بكم في اختبار تحويل الصوت العاطفي
009_clean|EMBODY_AR|مرحبا بكم في اختبار تحويل الصوت العاطفي
010_clean|EMBODY_AR|مرحبا بكم في اختبار تحويل الصوت العاطفي
011_clean|EMBODY_AR|مرحبا بكم في اختبار تحويل الصوت العاطفي
012_clean|EMBODY_AR|مرحبا بكم في اختبار تحويل الصوت العاطفي
013_clean|EMBODY_AR|مرحبا بكم في اختبار تحويل الصوت العاطفي
014_clean|EMBODY_AR|مرحبا بكم في اختبار تحويل الصوت العاطفي
015_clean|EMBODY_AR|مرحبا بكم في اختبار تحويل الصوت العاطفي
016_clean|EMBODY_AR|مرحبا بكم في اختبار تحويل الصوت العاطفي
017_clean|EMBODY_AR|مرحبا بكم في اختبار تحويل الصوت العاطفي
018_clean|EMBODY_AR|مرحبا بكم في اختبار تحويل الصوت العاطفي
019_clean|EMBODY_AR|مرحبا بكم في اختبار تحويل الصوت العاطفي
020_clean|EMBODY_AR|مرحبا بكم في اختبار تحويل الصوت العاطفي
021_clean|EMBODY_AR|مرحبا بكم في اختبار تحويل الصوت العاطفي
022_clean|EMBODY_AR|مرحبا بكم في اختبار تحويل الصوت العاطفي
023_clean|EMBODY_AR|مرحبا بكم في اختبار تحويل الصوت العاطفي
024_clean|EMBODY_AR|مرحبا بكم في اختبار تحويل الصوت العاطفي
025_clean|EMBODY_AR|مرحبا بكم في اختبار تحويل الصوت العاطفي
026_clean|EMBODY_AR|مرحبا بكم في اختبار تحويل الصوت العاطفي
027_clean|EMBODY_AR|مرحبا بكم في اختبار تحويل الصوت العاطفي
028_clean|EMBODY_AR|مرحبا بكم في اختبار تحويل الصوت العاطفي
029_clean|EMBODY_AR|مرحبا بكم في اختبار تحويل الصوت العاطفي
030_clean|EMBODY_AR|مرحبا بكم في اختبار تحويل الصوت العاطفي
